{"Train loss": 1.7093783617019653, "epoch": 0, "trainer/global_step": 199, "_timestamp": 1704725818.683307, "_runtime": 55.37460994720459, "_step": 3, "_wandb": {"runtime": 57}}
